{
  "malewhite1": {
    "measure": [
      128.0833,
      79.85417,
      28.14623,
      1.7406328,
      196.8481
    ]
  },
  "malewhite2": {
    "measure": [
      133.8046,
      82.21839,
      30.20365,
      1.1294985,
      186.6013
    ]
  },
  "malewhite3": {
    "measure": [
      137.5948,
      81.22749,
      29.67017,
      1.1282143,
      178.5244
    ]
  },
  "malewhite4": {
    "measure": [
      137.6315,
      77.75647,
      29.70902,
      1.2277951,
      165.4853
    ]
  },
  "malewhite5": {
    "measure": [
      137.6747,
      72.61099,
      27.23451,
      1.3872262,
      161.2716
    ]
  },
  "maleblack1": {
    "measure": [
      140.9231,
      90.61538,
      34.443,
      1.4095602,
      202.0205
    ]
  },
  "maleblack2": {
    "measure": [
      144.5,
      90.09459,
      27.77828,
      1.6204513,
      189.8664
    ]
  },
  "maleblack3": {
    "measure": [
      143.2874,
      86.17241,
      28.27508,
      1.6892869,
      171.333
    ]
  },
  "maleblack4": {
    "measure": [
      143.2077,
      80.96923,
      29.07949,
      1.8661966,
      162.6272
    ]
  },
  "maleblack5": {
    "measure": [
      145.0337,
      75.55056,
      26.86975,
      1.6366417,
      166.4233
    ]
  },
  "maleother1": {
    "measure": [
      141.6,
      88.2,
      30.00362,
      1.1745478,
      200.5867
    ]
  },
  "maleother2": {
    "measure": [
      160.0,
      100.0,
      31.99283,
      1.3,
      200.3333
    ]
  },
  "maleother3": {
    "measure": [
      137.2,
      78.4,
      29.00451,
      1.0518458,
      181.2
    ]
  },
  "maleother4": {
    "measure": [
      136.3,
      79.0,
      29.56403,
      1.3194999,
      179.7024
    ]
  },
  "maleother5": {
    "measure": [
      136.3571,
      73.57143,
      25.5433,
      1.1874106,
      164.1405
    ]
  },
  "femalewhite1": {
    "measure": [
      121.5,
      73.0,
      35.52101,
      0.7071282,
      190.0167
    ]
  },
  "femalewhite2": {
    "measure": [
      121.8,
      72.4,
      28.70054,
      0.7288648,
      199.0
    ]
  },
  "femalewhite3": {
    "measure": [
      130.1333,
      75.73333,
      30.94517,
      1.7135706,
      217.1751
    ]
  },
  "femalewhite4": {
    "measure": [
      138.5714,
      74.71429,
      30.65472,
      1.1933024,
      197.9952
    ]
  },
  "femalewhite5": {
    "measure": [
      144.3333,
      70.77778,
      28.40761,
      0.94952,
      196.9241
    ]
  },
  "femaleblack1": {
    "measure": [
      132.6667,
      80.66667,
      28.10336,
      1.0075437,
      178.8333
    ]
  },
  "femaleblack2": {
    "measure": [
      136.3333,
      85.0,
      31.37067,
      0.9879627,
      200.2222
    ]
  },
  "femaleblack3": {
    "measure": [
      152.5,
      87.0,
      32.25352,
      1.5892643,
      194.3486
    ]
  },
  "femaleblack4": {
    "measure": [
      147.3333,
      83.33333,
      23.36795,
      1.1042498,
      202.2917
    ]
  },
  "femaleblack5": {
    "measure": [
      -1.0,
      -1.0,
      -1.0,
      -1.0,
      -1.0
    ]
  },
  "femaleother1": {
    "measure": [
      143.0,
      91.0,
      28.10453,
      1.0,
      223.0
    ]
  },
  "femaleother2": {
    "measure": [
      -1.0,
      -1.0,
      -1.0,
      -1.0,
      -1.0
    ]
  },
  "femaleother3": {
    "measure": [
      147.5,
      79.5,
      22.37895,
      1.006,
      183.75
    ]
  },
  "femaleother4": {
    "measure": [
      -1.0,
      -1.0,
      -1.0,
      -1.0,
      -1.0
    ]
  },
  "femaleother5": {
    "measure": [
      -1.0,
      -1.0,
      -1.0,
      -1.0,
      -1.0
    ]
  }
}